titulo;tecnico;contratista;asistencia;ambito;descripcion;tipo_intervencion;presupuesto;;superficie;plazo_ejecucion;plazo_ejecucion_real;plazo_ejecucion_adj;area_peatonal;area_aumento_peatonal;fecha_comprobacion;modulo_urbanizacion;fecha_recepcion;arboles;farolas;bancos;sillas;papeleras;area_urbanizada;origen;tipo_contrato;financiacion;id_proyecto;honorarios_proyecto;honorarios_asis_tec;presupuesto_proyecto;presupuesto_adjudicacion;area_peatonal_proyecto;area_aumento_peatonal_proy;modulo_urbanizacion_proy;arboles_proy;farolas_proy;bancos_proy;sillas_proy;papeleras_proy;fase_actuacion;comentarios;servicio_gestor
Reurbanización de la calle Rascanya, entre la calle Gaudencia Torres y la calle Bisbe Soler;TG;PAVASAL;Tes;Calle Rascanya (Gaudencia Torres y Bisbe Soler);Ampliación y renovación de aceras y asfaltado de calzada;Reurbanizacion;288471.83;;;16;16;12;50;217;20160922;81.0;20170110;0;0;10;0;0;0.0;Publico Ayuntamiento;Encargo Contrata;Municipal;30513;0.0;6202.14;288471.83;288471.83;;;;;;;;;Ejecutado y recibido;;Servicio Obras de Infraestructuras
Mejora de las aceras en la Calle Jalance;TG;URANSA;Ingenieria;C/ Jalance;Urbanización de las aceras del lado este de la calle;Mejora Accesibilidad;49099.46;;830.0;4;6;4;65;42;20180119;65.55;20180413;0;0;0;0;0;;Publico Ayuntamiento;Menor;Participación Ciudadana;43679;1511.8;1247.23;44975.97;44975.97;;;60.05;;;;;;Ejecutado y recibido;;Servicio Obras de Infraestructuras
VÍA VERDE DE HORNO DE ALCEDO A SEDAVÍ - PRIMERA FASE: ACCESS URBANOS.;FRC;URBAMED;Solcitec;AV. KARL MARX ENTRE C. HORNO ALCEDO Y C. GUADALQUI;;Reurbanizacion;36600.0;36600;;4;4;4;;;2,0171E+13;97.0;2,01711E+13;;;;;;;Publico Ayuntamiento;Menor;Participación Ciudadana;39528;;;;31935.29;;;;;;;;;Ejecutado y recibido;;Servicio Mantenimiento de Infraestructuras
OBRAS DE MEJORA DE  ACCESIBILIDAD Y SUPRESIÓN DE BARRERAS ARQUITECTÓNICAS EN EL BARRIO DE BENIMAMET;FRC;BERTOLIN;Tes;BARRIO DE BENIMAMET;;Mejora Accesibilidad;143250.0;;;12;12;12;;;2,0171E+13;;2,01801E+13;;;;;;;Publico Ayuntamiento;Abierto;Participación Ciudadana;40796;;;;122206.58;;;;;;;;;Ejecutado y recibido;;Servicio Mantenimiento de Infraestructuras
Urbanización de aceras el la calle Salvador Perles;FF;BECSA;Gecival;Calle Salvador Perles;Ampliación de la acera del sur de la calle Salvador Perles;Reurbanizacion;35865.59;;;8;8;3;78;65;20161105;105.0;20170112;0;0;0;0;0;0.0;Publico Ayuntamiento;Menor;Municipal;30539;0.0;770.82;35865.59;35865.59;;;;;;;;;Ejecutado y recibido;;Servicio Obras de Infraestructuras
Mejora de la pavimentación en el barrio de extramurs.;MR;BERTOLIN;Solcitec;Paseo de la Pechina;Nuevo paso de peatones en Paseo de la Pechina con calle Turia;Mejora Accesibilidad;47730.76;;;4;4;4;100;42;20160822;382.0;20160927;0;0;0;0;0;0.0;Publico Ayuntamiento;Menor;Participación Ciudadana;30530;1243.41;1026.21;47730.76;47730.76;;;;;;;;;Ejecutado y recibido;;Servicio Obras de Infraestructuras
Urbanización en el entorno del Colegio Antonio Machado en la plaza de San Jerónimo;TG;PAVASAL;Planet;Plaza de San Jerónimo;Urbanización de aceras, aparcamiento y viales así como canalizaciones de alumbrado, pluviales yriego;Reurbanizacion;230607.73;;;8;8;8;33;541;20160915;0.0;20170110;8;0;0;0;0;0.0;Publico Ayuntamiento;Encargo Contrata;Municipal;30536;7578.23;4958.07;230071.02;230071.02;;;;;;;;;Ejecutado y recibido;;Servicio Obras de Infraestructuras
Acondicionamiento de la pavimentación entre las plazas de la LLotgeta y Soñador (Massarrojos);MR;SOGESER;Tes;Plazas de la Llotgeta y Soñador;Mejora de la pavimentación;Otros;30075.6;;245.49;6;6;6;100;;20181022;;20181205;0;0;0;0;0;;Publico Ayuntamiento;Menor;Diputación;48930;0.0;1213.13;30075.6;30075.6;;;109.76;;;;;;Ejecutado y recibido;;Servicio Obras de Infraestructuras
Mejora de la accesibilidad al viejo cauce del rio Turia en el entorno de la C/ Velazquez;FF;Licuas;Ingenieria;Acera norte del paseo Pechina, altura C/ Velázquez;Supresión del desnivel entre la losa de caliza de la acera que bordea el cauce viejo, protección de los peatones y la adaptación del paso de peatones de la conexión con la calle Velázquez;Mejora Accesibilidad;49841.49;;263.0;8;8;8;100;33;20191106;188.08;20200113;;;;;;;Publico Ayuntamiento;Abierto;Municipal;50140;2417.58;2010.41;49841.49;47115.16;;;177.79;;;;;;Ejecutado y recibido;;Servicio Obras de Infraestructuras
Mejora de pavimentación en el barrio de Patraix;MR;ECYSER;Solcitec;Calle Campos Crespo;Mejora de la accesibilidad en las aceras de Campos Crespo;Mejora Accesibilidad;48529.8;;;8;8;8;100;79;20160828;107.0;20161129;0;0;0;0;0;0.0;Publico Ayuntamiento;Menor;Participación Ciudadana;30537;1264.22;1043.4;48529.8;48529.8;;;;;;;;;Ejecutado y recibido;;Servicio Obras de Infraestructuras
Renovación de aceras y calzadas pedania Horno de Alcedo;MR;PAVASAL;Auraval;Plaza Riu Segura y calle Segart;Transformación de calle de transito rodado a peatonal y renovación de pavimento en acera;Reurbanizacion;146678.95;;1822.0;8;8;8;93;137;20160608;80.0;20161019;0;0;0;0;0;0.0;Publico Ayuntamiento;Encargo Contrata;Diputación;30514;0.0;20095.41;146678.95;146678.95;;;;;;;;;Ejecutado y recibido;;Servicio Obras de Infraestructuras
Renovación aceras y calzadas pedania Carpesa;MR;PAVASAL;Gecival;Calle Reverendo Jose Valero;Reurbanización de la calle Reverendo Jose Valero y usbanización de su tramo final;Reurbanizacion;292383.29;;;4;4;12;0;0;20160613;6.0;20161019;0;0;0;0;0;0.0;Publico Ayuntamiento;Encargo Contrata;Diputación;30559;0.0;0.0;292383.29;292383.29;;;;;;;;;Ejecutado y recibido;"La AT engloba a otras pedanías; resultando los honorarios de AT de un total de 15.822,59€, y aparece en los datos de la obra de la pedanía de PobleNou";Servicio Obras de Infraestructuras
PROYECTO DE RENOVACIÓN DE ACERAS EN LAS CALLES PICO TEIDE Y LA GOMERA;TG;PAVASAL;Tes;;;Reurbanizacion;112433.0;112433;;8;7;6;;;2,0181E+13;;;;;;;;;Publico Ayuntamiento;Encargo Contrata;Municipal;46516;;;;93694.16;;;;;;;;;Ejecutado y recibido;;Servicio Mantenimiento de Infraestructuras
Obras de accesibilidad y supresión de barreras en la ciudad de Valencia;MR;PAVASAL;Tes;450 actuaciones repartidas por todos los barrios;Adecuación de pasos de peatones distribuidos por toda la ciudad;Mejora Accesibilidad;635583.21;;9025.0;32;20;38;100;0;20160215;0.0;20160923;0;0;0;0;0;0.0;Publico Ayuntamiento;Abierto;PIP;30545;21659.0;21719.5;795871.79;635583.21;;;;;;;;;Ejecutado y recibido;;Servicio Obras de Infraestructuras
Obras de apertura y urbanización en la calle Joan Miro;TG;OBREMO;Planet;Calle Pintor Joan Miró;Urbanización de calzada, aceras, y aparcamientos, y canalización de alumbrado en calle Joan Miro;Reurbanizacion;60348.56;;;4;8;8;38;543;20161024;0.0;20161220;0;0;0;0;0;0.0;Publico Ayuntamiento;Encargo Contrata;Municipal;30532;2020.86;1297.5;60348.56;60348.56;;;;;;;;;Ejecutado y recibido;;Servicio Obras de Infraestructuras
Acondicionamiento de las aceras de la calle Barracas de Castelló, en la pedanía de Benifaraig;MR;SOGESER;Planet;Calle Barracas de Castelló;Entubado de acequia y repavimentación de los caminos que forman parte del ámbito de actuación.;Asfaltado;30401.13;;;4;4;4;;;20180417;;20180521;;;;;;;Publico Ayuntamiento;Menor;Participación Ciudadana;43684;1022.43;843.5;30401.13;30401.13;;;;;;;;;Ejecutado y recibido;;Servicio Obras de Infraestructuras
Ampliación de aceras en avenida Primado Reig, plaza río Duero y calle Tírig;MR;BECSA;Auraval;Avd Primado Reig,altura de Pl Rio Duero y C. Tírig;Ampliación de aceras;Reurbanizacion;60070.85;;498.0;8;4;8;90;18;20171127;120.62;20171222;0;0;0;0;0;;Publico Ayuntamiento;Menor;Municipal;42832;0.0;3685.02;60070.85;60070.85;;;120.62;;;;;;Ejecutado y recibido;;Servicio Obras de Infraestructuras
Ampliación de aceras de la Calle Turia entre las Calles Borrull y Lepanto;FF;PAVASAL;Auraval;Calle Turia entre Lepanto y Borrull;Reurbanizacion de la calle con renovacion de servicios de alumbrado y riego;Reurbanizacion;130336.08;;;8;7;8;35;10;20181025;114.1;20181221;0;0;0;0;0;;Publico Ayuntamiento;Menor;Municipal;48923;4387.46;5264.95;130336.08;130525.75;;;113.93;;;;;;Ejecutado y recibido;;Servicio Obras de Infraestructuras
Renovación de infraestructuras y apertura de la calle Tramontana;FF;PAVASAL;Planet;Calle Tramontana entre las Calles . San Pancracio;Apertura de calle ejecutando aceras y calzada;Apertura Viario;153511.54;;;12;12;12;70;100;20171120;103.0;20180322;0;0;0;0;0;;Publico Ayuntamiento;Encargo Contrata;Municipal;43245;5210.08;4298.32;153892.59;153892.59;;;103.0;;;;;;Ejecutado y recibido;;Servicio Obras de Infraestructuras
Acondicionamiento de la pavimentación en la calle Historiador Betí;MR;BECSA;Planet;Calle Historiador Betí (El Saler);Acondicionamiento de las aceras así como de parte de la calzada correspondiente al ámbito de;Reurbanizacion;26053.71;;431.39;4;4;4;;300;20181105;;20181203;0;0;0;0;0;;Publico Ayuntamiento;Menor;Diputación;48922;;1050.91;26053.71;26053.71;;;;;;;;;Ejecutado y recibido;;Servicio Obras de Infraestructuras
Obras de peatonalización de la calle Carpinteros;TG;SolucionesEstructurales;Solcitec;C/Carpinteros, entre Pl.Alborache y C/ Elias Tormo;Compatibilizar accesibilidad limitada de vehículos de servicios con la peatonal;Peatonalización;41391.1;;;2;2;2;100;100;20190529;393.9;20190830;;;;;;;Publico Ayuntamiento;Menor;Municipal;50142;1398.76;1147.82;41391.1;41391.1;;;393.9;;;;;;Ejecutado y recibido;;Servicio Obras de Infraestructuras
Proyecto de semaforización para la finalización de las obras de urbanización de UE2 del PAI Quatre C;MR;Monelec;InterEnterStudio;UE 2 Sector Quatre Carreres;Semaforización de la UE2 del Sector Quatre Carreres;Otros;176076.15;;;5;5;5;;;20190514;;20190627;0;0;0;0;0;;Publico Ayuntamiento;Abierto;Municipal;35863;4749.2;7102.58;176076.15;102124.17;;;;;;;;;Ejecutado y recibido;;Servicio Obras de Infraestructuras
REURBANIZACIÓN CALLE SAN PEDRO (INCLUYE CALLE LAVADERO);FRC;BECSA;CPS;;;Reurbanizacion;450620.5;450620,5;;56;56;48;;;;;2,01912E+13;;;;;;;Publico Ayuntamiento;Abierto;Municipal;58576;;;;406442.01;;;;;;;;;Ejecutado y recibido;;Servicio Mantenimiento de Infraestructuras
Obras de urbanización de las calles República de Rumania y Manuel Colomer Marco;FF;PAVASAL;Gecival;Calle Republica de Rumania y Manuel Colomer Marco;Urbanización de las calles Republica de Rumania Y Manuel Colomer Marco;Urbanización;357651.42;;;8;8;8;25;100;20170201;83.0;20170510;0;0;0;0;0;0.0;Publico Ayuntamiento;Encargo Contrata;Municipal;30527;0.0;7686.5;357651.42;357651.42;;;;;;;;;Ejecutado y recibido;;Servicio Obras de Infraestructuras
Apertura y urbanización en la calle Rubiols;TG;OCIDE;Ramiro;Calle Rubiols;Ajuste de fachada a Planeamiento y ejecución de la acera oeste y nueva calzada;Reurbanizacion;60433.09;;;4;8;4;20;493;20160712;36.0;20160912;0;0;0;0;0;0.0;Publico Ayuntamiento;Menor;Municipal;30549;2020.86;1299.31;60433.09;60433.09;;;;;;;;;Ejecutado y recibido;;Servicio Obras de Infraestructuras
ADECUACIÓN PLAZA ASCENSIÓN CHIRIVELLA. CONSULTA CIUDADANA-INVERSIONES EN BARRIOS.;FRC;PAVASAL;CPS;PLAZA ASCENSIÓN CHIRIVELLA;;Otros;139063.58;139063,58;;8;8;4;;;2,0171E+13;;2,01801E+13;;;;;;;Publico Ayuntamiento;Encargo Contrata;Participación Ciudadana;40371;;;;126793.26;;;;;;;;;Ejecutado y recibido;;Servicio Mantenimiento de Infraestructuras
INSTALACIÓN ACERA FIJA EN CURVA ACTUAL BOLARDOS FRENTE CENTRO DÍA PERIFERIA. CONSULTA CIUDADANA;FRC;URBAMED;Solcitec;AV. HERMANOS MARISTAS FRENTE CENTRO DIA PERIFERIA;;Reurbanizacion;38300.0;38300;;4;4;4;;;2,0171E+13;64.0;2,01711E+13;;;1;;1;;Publico Ayuntamiento;Menor;Participación Ciudadana;40349;;;;35296.07;;;;;;;;;Ejecutado y recibido;;Servicio Mantenimiento de Infraestructuras
Obras de urbanización de la C/Adzaneta;FF;TORRESCAMARA;Ramiro;Calle Adzaneta;Urbanización de la parcela entre la Plaza Monteolivete y la Calle Adzaneta;Reurbanizacion;60491.0;;;8;6;8;100;261;20161024;69.0;20161212;0;0;0;0;0;0.0;Publico Ayuntamiento;Menor;Municipal;30531;2526.7;1300.56;60491.06;60491.06;;;;;;;;;Ejecutado y recibido;;Servicio Obras de Infraestructuras
Mejora de la accesibilidad en entornos escolares barrio de patraix;MR;BINARIA;Idom;Varias calles;Poner los pasos de peatones a cota cero y hacer cubreaparcamientos;Mejora Accesibilidad;47730.77;;;8;8;8;100;0;2,0161E+13;95.0;2,01702E+13;0;0;0;0;0;0.0;Publico Ayuntamiento;Menor;Participación Ciudadana;30552;1243.41;1026.21;47730.77;47730.77;;;;;;;;;Ejecutado y recibido;;Servicio Obras de Infraestructuras
PROYECTO DE REPAVIMENTACIÓN DE LAS CALLES JAIME BELTRÁN (LADO IMPAR), BENICARLÓ Y PASCUAL Y GENÍS (C;TG;PAVASAL;Tes;;;Asfaltado;169751.0;169751;;4;3;4;;;2,0181E+13;;;;;;;;;Publico Ayuntamiento;Encargo Contrata;Municipal;46512;;;;151444.51;;;;;;;;;Ejecutado y recibido;;Servicio Mantenimiento de Infraestructuras
Proyecto de urbanización de la calle Dr. Olóriz;TG;PAVASAL;CPS;Calle Doctor Oloriz, entre C/ Málaga y C/ Reus;Reurbanización de la calle, ampliando la sección total  de la calle ocupando el espacio de la antigua parcela del Colegio Santiago Apóstol,contrucción de nuevas aceras, aparcamiento y calzada;Reurbanizacion;317673.25;;;16;20;16;49;77;20171124;111.28;20181221;0;0;0;0;0;;Publico Ayuntamiento;Encargo Contrata;Municipal;35859;0.0;20881.06;319030.94;319030.94;;;116.3;;;;;;Ejecutado y recibido;;Servicio Obras de Infraestructuras
PROYECTO DE RENOVACIÓN DE ACERAS EN LAS CALLES CALIXTO III, JUAN LLORENS Y PIO IX;MR;PAVASAL;Tes;;;Reurbanizacion;243968.0;243968;;12;9;8;;;2,01808E+13;;2,01811E+13;;;;;;;Publico Ayuntamiento;Encargo Contrata;Municipal;46505;;;;208090.35;;;;;;;;;Ejecutado y recibido;;Servicio Mantenimiento de Infraestructuras
Renovación de aceras pedanía de El Saler;MR;PAVASAL;Auraval;Calle Puerto de la Albufera,Historiador Beti y col;Ampliación de aceras, renovación de pavimento en aceras, asfaltado de calzada, hormigonado de aparcamiento y urbanización de plaza;Reurbanizacion;251075.58;;;12;12;12;58;21;20160125;64.34;20161019;0;0;0;0;0;0.0;Publico Ayuntamiento;Encargo Contrata;Diputación;30548;0.0;0.0;251078.58;251075.58;;;;;;;;;Ejecutado y recibido;;Servicio Obras de Infraestructuras
Obras de renovación de infraestructuras de la Calle Literato Gabriel Miró;MR;BECSA;Montoro;C/ Gabriel Miró entre C/ Jesús y María y C/ Pallet;Renovación de infraestructuras;Reurbanizacion;60268.51;;713.9;8;4;8;37;58;20171211;;20180111;0;0;0;0;0;;Publico Ayuntamiento;Menor;Municipal;43246;1680.68;1676.07;60493.55;60493.55;;;;;;;;;Ejecutado y recibido;;Servicio Obras de Infraestructuras
Renovación de infraestructuras calle Galicia;TG;PAVASAL;Solcitec;Calle Galicia;Peatonalización de parte de la calle Galicia y en la ampliación del patio del Colegio Público Primer Marqués del Túria.;Peatonalización;149958.41;;448.24;12;7;12;100;100;20180718;321.09;20180918;0;0;4;0;0;;Publico Ayuntamiento;Encargo Contrata;Municipal;33431;3907.56;6048.74;149958.41;149958.41;;;321.09;;;;;;Ejecutado y recibido;Las obras se han ejecutado en plazo;Servicio Obras de Infraestructuras
Peatonalización de la plaza San Sebastián y calle Peset Cervera;MR;URBAMED;Mateu;Plaza San Sebastián y calle Peset Cervera;Peatonalización de la plaza San Sebastián  y calle Peset Cervera;Peatonalización;231857.04;;;12;15;12;100;46;20190708;;20191113;7;1;8;;6;;Publico Ayuntamiento;Abierto;Municipal;33434;6645.4;;255097.68;201129.04;;;;;;;;;Ejecutado y recibido;;Servicio Obras de Infraestructuras
Mejora de la pavimentación en la plaza Grupo Marqués de Vallterra (El Perellonet);FF;CESP;LaMingeniería;Plaza Marqués de Vallterra;Peatonalización de una plaza de aglomerado;Peatonalización;24276.3;;;4;4;4;100;323;20191007;63.7;20191111;;;;;;;Publico Otra Admon;Menor;Diputación;51737;816.01;979.2;24276.3;24276.3;;;;;;;;;Ejecutado y recibido;;Servicio Obras de Infraestructuras
Peatonalización de la calle Apóstol Sant Pere entre los números 10 y 27 (Carpesa);FF;SOGESER;LaMingeniería;Carpesa. Calle Apostol Sant Pere;Construcción de plataforma compartida;Peatonalización;45957.82;;;6;6;6;100;1516;20200521;86.37;20200702;0;0;0;0;0;;Publico Ayuntamiento;Menor;Diputación;54560;1544.79;3398.56;45957.82;45957.82;;;86.37;;;;;;0 Pasa a capa Obras Ejecutadas;Los honorarios de asistencia técnica y redacción de proyecto van en un único contrato con el importe indicado.;Servicio Obras de Infraestructuras
REPAVIMENTACIÓN DE LA CALLE PLA DEL REAL INTERSECCIÓN PASEO DE LA ALAMEDA-GENERAL ELÍO;TG;PAVASAL;Tes;;;Asfaltado;230556.92;;;1;1;1;;;2,01808E+13;22.0;2,0181E+13;;;;;;;Publico Ayuntamiento;Encargo Contrata;Municipal;44896;;;;230556.92;;;27.0;;;;;;Ejecutado y recibido;;Servicio Mantenimiento de Infraestructuras
REPAVIMENTACIÓN AVENIDA TRES FORQUES (DE ARCHIDUQUE CARLOS A TRES FORQUES);MR;PAVASAL;Tes;;;Asfaltado;444191.71;444191,71;;1;1;1;;;2,01808E+13;27.0;2,0181E+13;;;;;;;Publico Ayuntamiento;Encargo Contrata;Municipal;44898;;;;435482.06;;;;;;;;;Ejecutado y recibido;;Servicio Mantenimiento de Infraestructuras
RENOVACIÓN INFRA. VIARIAS Y MEJORAS MEDIOMBIENTALES Y ACCESIBILIDAD CON PAVIMENTO FONOABSORBENTE EN:;FRC;BERTOLIN;Gecival;MEDITERRÁNEO,ESCALANTE,PROGRESO,JOSÉ BENLLIURE Y P;;Reurbanizacion;1232669.32;;;20;20;14;;;2,01709E+13;75.36;;;;;;;;Publico Ayuntamiento;Abierto;PIP;42807;;;;823792.91;;;;;;;;;Ejecutado y recibido;;Servicio Mantenimiento de Infraestructuras
Acondicionamiento de pavimentación en itinerarios peatonales en los barrios de Patraix y 3 Forques;FF;PAVASAL;Idom;Barrios Patraix-Tres Forques;Adecuación pasos de peatones que forman parte de itinerarios peatones que conectan colegios y parques;Reurbanizacion;181300.55;;;16;12;16;;;20170925;;20180212;0;0;0;0;0;;Publico Ayuntamiento;Encargo Contrata;Municipal;43251;1571.49;3896.45;181300.55;181300.55;;;;;;;;;Ejecutado y recibido;Es el anell de vianants Tres Forques;Servicio Obras de Infraestructuras
Peatonalización del entorno del mercado municipal de la plaza San Pedro Nolasco en Valencia;FF;BERTOLIN;Gecival;Plaza perimetral al mercado San Pedro Nolasco;Peatonalización del entorno del mercado municipal de San Pedro Nolasco.;Peatonalización;394434.3;;2077.25;36;36;28;0;0;;0.0;;0;0;0;0;0;2077.25;Publico Ayuntamiento;Encargo Contrata;Municipal;50139;12524.23;0.0;394434.3;394434.3;41;95;189.81;6;0;9;2;6;11 PASA A OBRAS EJECUTADAS;;Servicio Obras de Infraestructuras
Acondicionamiento de itinerarios paisajisticos  en el entorno de la huerta de San Miguel;MR;PAVASAL;Auraval Asistencia s.l.;Camino huerta en el entorno de San Miguel;Reparación y repavimentación de caminos;Reurbanizacion;291302.87;;10495.98;9;20;9;100;0;20210927;0.0;20220309;0;0;0;0;0;100.0;Publico Ayuntamiento;Abierto;Municipal;112;4900.0;16831.46;291302.87;291302.87;100;100;86.0;0;0;0;0;0;11 PASA A OBRAS EJECUTADAS;6 paneles informativos con tejadillo. 3 atriles informativos A1,6 atriles informativos A2.  209.50 ml de barandilla rustica de madera;Servicio Obras de Infraestructuras
Ajardinamiento del viario en UE1 y UE2 Quatre Carreres;MR;PAVASAL;PérezEsteve;Barrio Cuatre Carreres, Calles Angel Villena, Bomb;Jardinería con plantación de árboles y arbustos en alcorques, medianas, macizos y jardines interiores , red de riego, creación de una zona de sociabilización de mascotas y la instalación de mobiliario;Ajardinamiento;545374.1;;0.0;63;63;58;0;0;;0.0;;0;0;0;0;0;8807.44;Publico Ayuntamiento;Abierto;Municipal;48120;15049.28;0.0;545374.1;545374.1;0;0;61.92;384;0;67;0;30;11 PASA A OBRAS EJECUTADAS;Contempla el proyecto la creación de un espacio de 604 m2 para la sociabilización de perros;Servicio Obras de Infraestructuras
Mejora de pavimentación Pedania de Massarrojos;MR;BERTOLIN;CPS;Camino Camarena;Refuerzo de 5cm de capa de rodadura;Asfaltado;30426.07;;;1;1;1;0;0;20161025;0.0;20161104;0;0;0;0;0;0.0;Publico Ayuntamiento;Menor;Participación Ciudadana;30528;792.74;1294.95;30426.07;30426.07;;;;;;;;;Ejecutado y recibido;;Servicio Obras de Infraestructuras
Renovación de aceras y calzadas pedania de Pinedo;MR;PAVASAL;Auraval;Calle entre Mosen Cuenca y Travesia Pinedo al mar;Ampliación de aceras, asfaltado de calzada, urbanización nueva de calle y ejecución de colector nuevo;Reurbanizacion;487305.49;;4775.0;16;20;16;55;175;20160120;102.0;20160720;0;0;0;0;0;0.0;Publico Ayuntamiento;Encargo Contrata;Diputación;30524;0.0;0.0;487305.49;487305.49;;;;;;;;;Ejecutado y recibido;;Servicio Obras de Infraestructuras
Urbanización en la calle Parot;MR;PAVASAL;Auraval;Calle Parot;Ampliación de aceras, asfaltado de calzada y urbanización nueva;Reurbanizacion;121040.11;;1212.0;8;8;8;37;72;2,01609E+13;70.0;2,01611E+13;0;0;0;0;0;0.0;Publico Ayuntamiento;Encargo Contrata;Municipal;30520;5809.97;2609.49;121040.11;121040.11;;;;;;;;;Ejecutado y recibido;;Servicio Obras de Infraestructuras
Peatonalización en la calle Agustí Centelles Ossò;TG;OBREMO;Gecival;C/ Agustí Centelles Ossò;Peatonalización de la calle Agustí Centelles Ossò;Peatonalización;47110.04;;;4;4;4;100;4;20180221;;20180412;;;2;;1;;Publico Ayuntamiento;Encargo Contrata;Municipal;43687;0.0;2889.94;47110.04;47110.04;;;;;;;;;Ejecutado y recibido;;Servicio Obras de Infraestructuras
RENOVACION BANCOS BARRIO SAN PAU;MR;SOGESER;Planet;BARRIO SAN BAU;RENOVACION DE BANCOS;Otros;20649.0;;;4;4;2;;;;;;;;33;;;;Publico Ayuntamiento;Menor;Participación Ciudadana;37909;;;;20649.0;;;;;;;;;Ejecutado y recibido;;Servicio Mantenimiento de Infraestructuras
DESMONTAJE DE PASARELAS PEATONALES,MEJORA DE ACCESIBILIDAD Y SEMAFORIZACIÓN DE AV. DEL CID;FRC;PAVASAL;CPS;PASARELAS DE LA AV. DEL CID;DESMONTAJE DE 5 PASARELAS EN LA AV, DEL CID Y CONSIGUIENTE SEMAFORIZACIÓN;Mejora Accesibilidad;574150.72;574150,72;;24;24;18;;;2,01711E+13;;;;;;;;;Publico Ayuntamiento;Abierto;Municipal;42824;;;;517861.43;;;;;;;;;Ejecutado y recibido;;Servicio Mantenimiento de Infraestructuras
Obras de acondicionamiento de las aceras en Pasaje Ventura Feliu;MR;SOGESER;Ramiro;Pasaje Ventura Feliu;Ampliación y renovación de las aceras en el tramo final de la calle Ventura Feliu;Reurbanizacion;33415.57;;;4;8;4;54;46;20160802;35.0;20160927;0;0;0;0;0;0.0;Publico Ayuntamiento;Menor;Municipal;30551;884.13;718.43;33415.57;33415.57;;;;;;;;;Ejecutado y recibido;;Servicio Obras de Infraestructuras
Reurbanización c/ S. Vicente, tramo entre P. Azzati y plaza S. Agustín, así como P.Azzatti y Padilla;MR;PAVASAL;Auraval;calle San Vicente, P. Azzatti y Padilla;Reurbanizacion de aceras aumentando aceras, con renovación de servicios, colcoacion de moviliario urbano y árboles;Reurbanizacion;492382.47;;;16;12;12;54;15;20170807;80.51;20171109;10;16;0;21;9;;Publico Ayuntamiento;Abierto;Municipal;42827;21719.5;21630.53;626666.65;452453.32;;;112.17;;;;;;Ejecutado y recibido;;Servicio Obras de Infraestructuras
Acondicionamiento de la pavimentanción en la calle Karl Marx;MR;Licuas;Auraval;Calle Karl Marx en Horno de Alcedo;Colocacion de una barrera para separar el nucleo urbano de la zona industrial, atraves de un medianera ajardinada;Ajardinamiento;22881.61;;101.4;6;6;6;;;20180921;192.01;20181113;6;0;0;0;0;;Publico Ayuntamiento;Menor;Diputación;48921;0.0;922.25;22881.61;22881.61;;;192.01;;;;;;Ejecutado y recibido;;Servicio Obras de Infraestructuras
Obras de apertura y urbanización en la calle Soria;TG;PROBISA;Solcitec;Calle Soria;Ejecución completa de las obras en el límite del solar existente de la calle Soria, para la mejora de la movilidad y de la accesibilidad en el interior del barrio, y para completar la trama urbana.;Apertura Viario;109638.61;;1003.42;12;8;12;79;100;20171016;184.54;20171129;0;0;0;0;0;;Publico Ayuntamiento;Abierto;Municipal;42831;5304.76;5788.47;185169.08;109638.61;;;184.54;;;;;;Ejecutado y recibido;;Servicio Obras de Infraestructuras
Urbanización C/Serpis, desde C/Ernest LLuch hasta plaza Actor Enrique Rambal;FF;PAVASAL;Ramiro;Calle Serpis, desde Ernest lluch;Eliminación de una parcela municipal, ampliando la calle Serpis y rehaciendo el nudo viario con Actor Rambal;Reurbanizacion;132488.0;;;8;8;8;23;506;20151102;44.0;20160102;0;0;0;0;0;0.0;Publico Ayuntamiento;Encargo Contrata;Municipal;30517;0.0;2847.4;132488.35;132488.35;;;;;;;;;Ejecutado y recibido;;Servicio Obras de Infraestructuras
Obras de renovación de infraestructuras y peatonalización de la c/ Xavier Casp (poeta);FF;URBAMED;Montoro;C/ Xavier Casp;Renovación de infraestructuras y peatonalización;Peatonalización;49325.07;;454.44;8;4;8;100;100;20180108;;20180206;0;0;0;0;0;;Publico Ayuntamiento;Menor;Municipal;43247;1680.68;1386.57;49408.99;49408.99;;;;;;;;;Ejecutado y recibido;;Servicio Obras de Infraestructuras
Acondicionamiento de la pavimentación de la carretera Rochs (La Punta);MR;Durantia;Fullana;La Punta;Fresado de las partes más deterioradas de la calzada, la extensión de una capa de regularización de un espesor de 2-3 cm y finalmente la extensión de una capa de rodadura de aprox. 5 cm de espesor;Asfaltado;35195.33;;1847.59;3;2;3;0;0;20181121;;20181205;0;0;0;0;0;;Publico Ayuntamiento;Menor;Diputación;48927;0.0;1291.11;32008.7;32008.7;;;;;;;;;Ejecutado y recibido;;Servicio Obras de Infraestructuras
Reurbanización de la calle Padre Barranco;MR;PAVASAL;Tes;C/ Padre Barranco;Acondicionamiento de la calle así como se reordenan  los viales del ámbito quedando delimitadas las zonas de calzada, aparcamiento, aceras, pasos de peatones.;Reurbanizacion;238804.96;;5578.62;16;12;16;;48;20170821;57.71;20171128;;;;;;;Publico Ayuntamiento;Abierto;Municipal;43693;6680.53;8016.64;310299.88;221895.44;;;57.7;;;;;;Ejecutado y recibido;;Servicio Obras de Infraestructuras
Renovación aceras y calzadas Pedania Poble Nou;MR;SOGESER;Gecival;Camino Moncada cam Casas de Guerra, cam junto Alqu;Repavimentado de dos caminos agricolas y mejora de la accesibilidad en diversos pasos  peatonales de Poble Nou;Reurbanizacion;30000.0;;;8;8;8;6;0;20160216;18.0;20160509;0;0;0;0;0;0.0;Publico Ayuntamiento;Menor;Diputación;30519;0.0;15822.59;30000.0;30000.0;;;;;;;;;Ejecutado y recibido;La asistencia técnica compartida con otras pedanías;Servicio Obras de Infraestructuras
Ampliación de Acera en la Calle Santa Cruz de Tenerife entre la Calle Músico Ayllón y Plaza Maguncia;FF;BERTOLIN;Valter;Acera calle Santa Cruz de Tenerife;Ampliación acera existente en mal estado;Mejora Accesibilidad;70924.98;;675.0;6;6;6;63;63;20190410;;20190530;10;0;2;0;0;;Publico Ayuntamiento;Abierto;Municipal;49740;4449.22;3395.56;101859.81;70924.98;;;150.9;;;;;;Ejecutado y recibido;;Servicio Obras de Infraestructuras
Mejora de la pavimentación de la calle Álvarez de Sotomayor (La Torre);TG;Edificación Logística;LaMingeniería;C/Álvarez de Sotomayor entre Benidoleig y C. Alba;Reasfaltado de la calle entre las calles Benidoleig y Crta. Del Alba;Asfaltado;15828.72;;;4;4;4;0;0;20191212;;20191226;0;0;0;0;0;;Publico Ayuntamiento;Menor;Municipal;56160;;1171.28;;15828.72;;;;;;;;;Ejecutado y recibido;;Servicio Obras de Infraestructuras
Renovación de Infraestructuras en la parcela 103;TG;Civined;Gecival;Entorno de la parcela escolar 103;Urbanización de los viales perimetrales de la parcela escolar 103;Otros;43128.68;;;4;4;4;0;0;20200219;;20200407;0;0;0;0;0;;Publico Ayuntamiento;Menor;Municipal;33436;;1739.64;;43128.68;;;;;;;;;Ejecutado y recibido;;Servicio Obras de Infraestructuras
Ampliación acera c/Almazora, tramo comprendido entre calles Convento Carmelitas y Senda del Aire;TG;SOGESER;RobertoAlbert;C/Almazora entre C/Convento Carmelitas y SendaAire;Ampliación de aceras;Peatonalización;48223.64;;700.0;4;5;5;35;35;20200127;;20200311;0;0;0;0;0;;Publico Ayuntamiento;Menor;Municipal;57365;1600.0;1920.0;48223.64;48223.64;;;;;;;;;Ejecutado y recibido;;Servicio Obras de Infraestructuras
Proyecto de Repavimentación Avenida de la Plata;FRC;PAVASAL;Tes;;;Asfaltado;264986.19;264986,19;;1;1;1;;;2,01809E+13;;2,0181E+13;;;;;;;Publico Ayuntamiento;Encargo Contrata;Municipal;44897;;;;236409.24;;;;;;;;;Ejecutado y recibido;;Servicio Mantenimiento de Infraestructuras
PLAN SOM PROY. MURETES DE CONTENCION, EXTENDIDO DECAPA DE ZAHORRA ARTIFICIAL COMPACTADA Y DELIMITACI;MR;PAVASAL;Tes;;DERRIBO EDIFICACIONES;Otros;105000.0;105000;;4;4;2;;;2,01808E+13;;2,0181E+13;;;;;;;Publico Otra Admon;Encargo Contrata;Diputación;45702;;;;87500;;;;;;;;;Ejecutado y recibido;;Servicio Mantenimiento de Infraestructuras
Obras de urbanización para la apertura de la calle Dr. Buen (Benimamet-València);TG;URBAMED;Tescaring;Calle Doctor Buen;Apertura de viario calle Doctor Buen;Urbanización;115497.65;;;16;8;2;1;100;20190930;143.44;20200429;0;3;0;0;2;;Publico Ayuntamiento;Menor;Municipal;33435;2500.01;3629.85;89990.13;80901.18;;;143.44;;;;;;0 Pasa a capa Obras Ejecutadas;En esta obra fue necesario redactar un modificado por la aparición de cuevas en el ámbito de las obras. Mismo nº expte. proyecto.;Servicio Obras de Infraestructuras
Rehabilitación Firme;MR;PAVASAL;Tes;;6 cm fresado, 6 cm S12 Calizo;Asfaltado;30000.0;30000;;2;2;1;;;2,02102E+13;;2,02102E+13;;;;;;;Publico Ayuntamiento;Encargo Contrata;Municipal;64207;;;;26470.88;;;;;;;;;Ejecutado y recibido;;Servicio Mantenimiento de Infraestructuras
PLAZA DEL ROSARIO:FUENTE Y URBANIZACIÓN CENTRO PLAZA;MMLL;URBAMED;Tescaring;PLAZA DEL ROSARIO;Sustitución de la antigua fuente en desuso por una fuente de suelo y renovación del pavimento adyacente a la fuente en el centro de la plaza. Adaptación del mobiliario urbano a la nueva planta viaria.;Reurbanizacion;148623.53;;;4;4;4;;;2,01909E+13;;2,02002E+13;1;4;7;;2;;Publico Ayuntamiento;Abierto;PIP;57360;;;;137222.4;;;;;;;;;Ejecutado y recibido;;Servicio Mantenimiento de Infraestructuras
Renovación de infraestructuras en la calle de Salvatierra en la ciudad de Valencia;TG;PAVASAL;Auraval;Calle Conde Salvatierra;Ampliación de aceras, asfaltado de calzada, con zona multifuncional y plantación de arboles.;Reurbanizacion;734192.49;;6455.0;28;16;32;62;79;20150910;113.74;20160310;26;0;10;0;8;0.0;Publico Ayuntamiento;Abierto;PIP;30509;21719.5;21768.51;;675258.0;;;;;;;;;Ejecutado y recibido;;Servicio Obras de Infraestructuras
Renovación de infraestructuras en la calle Pizarro en la ciudad de Valencia;TG;TORRESCAMARA;Ramiro;Calle Pizarro;Urbanización conforme a nueva sección tipo mediante baldosa de granito;Reurbanizacion;494405.33;;;32;28;28;70;113;20150808;141.0;20160310;8;0;0;0;0;0.0;Publico Ayuntamiento;Abierto;PIP;30533;18476.17;21629.85;709788.25;453554.69;;;;;;;;;Ejecutado y recibido;;Servicio Obras de Infraestructuras
Renovación de Infraestructura de la calle Isabel la Católica;TG;BECSA;Gecival;Calle Isabel la Católica;Renovación de infraestructuras y reurbanización en la calle Isabel la Católica;Reurbanizacion;552919.71;;4924.0;26;36;26;56;62;20211119;112.29;20221110;19;6;12;0;11;4924.0;Publico Ayuntamiento;Abierto;Municipal;19;15956.4;17107.11;831356.6;509374.02;56;56;184.0;20;8;12;0;11;Ejecutado y recibido;No se realiza proyecto por parte de Gecival si no obra;Servicio Obras de Infraestructuras
Renovación de aceras y calzadas  pedania Castellar fase 1;MR;BECSA;Gecival;Camino de Bellreguard;Repavimentación parcial del camino de Bellreguart, en la pedania de Castellar;Asfaltado;60000.0;;;8;8;8;0;0;20160304;9.0;20160428;0;0;0;0;0;0.0;Publico Ayuntamiento;Menor;Diputación;30525;0.0;0.0;60000.0;60000.0;;;;;;;;;Ejecutado y recibido;"La AT engloba a otras pedanías; resultando los honorarios de AT de un total de 15.822,59€, y aparece en los datos de la obra de la pedanía de PobleNou";Servicio Obras de Infraestructuras
Obras de urbanización en calle Jesús Martínez Guerricabeitia;MR;PAVASAL;Gecival;Calle Jesús Martínez Guerricabeitia;Urbanización de la mitad de la calle Guerritabeitia;Reurbanizacion;154984.19;;1600.0;8;8;8;33;100;20160926;97.0;20161128;0;0;0;0;0;0.0;Publico Ayuntamiento;Encargo Contrata;Municipal;30547;7073.01;3341.28;154984.19;154984.19;;;;;;;;;Ejecutado y recibido;;Servicio Obras de Infraestructuras
Apertura y obras urbanización C/Salvador Perles;FF;PAVASAL;Gecival;Calle Salvador Perles;Ejecución de aparcamiento en zona sur de calle Salvador Perles;Reurbanizacion;243628.2;;;4;4;8;25;546;20161107;64.0;20170228;0;0;0;0;0;0.0;Publico Ayuntamiento;Encargo Contrata;Municipal;30516;0.0;5235.96;243628.2;243628.2;;;;;;;;;Ejecutado y recibido;;Servicio Obras de Infraestructuras
Adecuación de la urbanización del camino del Cabanyal (IES EL CABANYAL) en la ciudad de Valencia;FF;PAVASAL;Ingenieria;Camí Cabanyal (Ernest Lluch-Jesús Martinez) Sorlí;Camino del Cabanyal entre Ernest Lluch y Jesús Martínez, el camino de Sorli entre Serpis camino del Cabanyal;Reurbanizacion;239987.37;;755.0;12;12;12;55;;20150102;;20150907;36;14;0;0;0;;Publico Ayuntamiento;Encargo Contrata;Municipal;49734;0.0;5157.99;239987.37;239987.37;;;;;;;;;Ejecutado y recibido;;Servicio Obras de Infraestructuras
Mejora de la pavimentación en el barrio de Benicalap;MR;PAVASAL;Solcitec;Calle Transformador;Mejora de la accesibilidad y estado de las aceras de la calle Transformador;Reurbanizacion;114241.18;;;8;8;8;100;81;20160919;101.0;20161128;0;0;0;0;0;0.0;Publico Ayuntamiento;Encargo Contrata;Participación Ciudadana;30553;2984.17;2462.91;114241.18;114241.18;;;;;;;;;Ejecutado y recibido;;Servicio Obras de Infraestructuras
Renovación aceras y calzadas Pedania Benifaraig;MR;BERTOLIN;Gecival;Calle Losa del Obispo y otras;Repavimentación de la calle Losa del Obispo y mejora de la accesibilidad en varios pasos de peatones de Benifaraig;Mejora Accesibilidad;30000.0;;;8;8;8;12;140;20160209;22.0;20160428;0;0;0;0;0;0.0;Publico Ayuntamiento;Menor;Diputación;30557;0.0;0.0;30000.0;30000.0;;;;;;;;;Ejecutado y recibido;"La AT engloba a otras pedanías; resultando los honorarios de AT de un total de 15.822,59€, y aparece en los datos de la obra de la pedanía de PobleNou";Servicio Obras de Infraestructuras
REMODELACIÓN Y MEJORA DE LA PLAZA ROJAS CLEMENTE Y ADYACENTES;FRC;OBREMO;Tes;ROJAS CLEMENTE, SAN PEDRO PASCUAL, JUAN DE MENA;"SAN PEDRO PAVIMENTACION Y ASFALTADO HASTA JUAN DE MENA, LUEGO PAVI DEL LADO DERECHO Y ASFALT; JUAN DE MENA ASFALT; ROJAS CLEMENTE ASFALT Y PAVI;DETRAS MERCADO ASFALT";Reurbanizacion;285417.01;285417,01;;12;12;12;;;2,01808E+13;;2,01812E+13;25;8;12;;5;;Publico Ayuntamiento;Abierto;Participación Ciudadana;48924;;;;263031.36;;;;;;;;;Ejecutado y recibido;;Servicio Mantenimiento de Infraestructuras
Obras de renovación de infraestructura y apertura de la calle Hort d'en Cendra;MR;BECSA;Auraval;Calle Hort d'en Cendra;Reurbanizacion y apertura de la calle con renovacion de servicios de alumbrado y riego;Reurbanizacion;146919.77;;735.57;8;13;8;95;78;20190221;173.52;20190627;6;4;9;3;0;;Publico Ayuntamiento;Menor;Municipal;33430;2420.17;5850.02;146471.7;133704.81;;;199.94;;;;;;Ejecutado y recibido;;Servicio Obras de Infraestructuras
Eliminación de barreras arquitéctónicas en el distrito de Patraix;FF;Imbesten;Fullana;Distrito Patraix;Adaptación de 22 pasos de peatones a la normativa en vigor en materia de accesibilidad;Mejora Accesibilidad;68106.76;;;10;9;10;100;2;20190510;;20190801;0;0;0;0;0;;Publico Ayuntamiento;Abierto;Municipal;54159;2291.0;2747.16;68106.76;59184.78;;;;;;;;;Ejecutado y recibido;;Servicio Obras de Infraestructuras
Proyecto de mejora del acceso peatonal desde la estación fuente san luis;MR;PAVASAL;Fullana;Barrio Malilla;Realización de una acera de unos 4,5 m de ancho situada en la margen sur del camí Molí de les Fonts que unirá la estación Fuente San Luis con el área urbanizada del centro hospitalario, c/ Il·lusió;Mejora Accesibilidad;123793.95;;715.0;8;5;8;100;100;20190606;;20190711;9;3;5;0;0;;Publico Ayuntamiento;Encargo Contrata;Municipal;48121;6050.42;5019.8;124449.27;124449.27;;;0.0;;;;;;Ejecutado y recibido;;Servicio Obras de Infraestructuras
Mejora de la accesibilidad de las aceras en la calle Duque de Mandas;FF;Imbesten;Tamayo;Dos cruces de la C/ Duque de Mandas;Dotar de accesibilidad las esquinas de los cruces de Duque de Mandas con las calles Arquitecto Rodríguez y Juan Bosco;Mejora Accesibilidad;19908.14;;;4;6;6;;;20191209;;20200205;;;;;;;Publico Ayuntamiento;Menor;Municipal;53752;;887.39;;19908.14;;;;;;;;;Ejecutado y recibido;;Servicio Obras de Infraestructuras
Acondicionamiento de la pavimentación entre la Plaza de la Llotgeta y la Plaza del Soñador fase II;MR;Imbesten;CivilgestIngeniería;Plaza de la Llotgeta y la Plaza del Soñador;peatonalización entre las plazas Llotgeta y Soñador permitiendo únicamente el tráfico rodado para acceso a garajes, así como para vehículos de emergencias;Peatonalización;47459.3;;470.71;8;8;8;100;79;20200210;102.0;20200515;0;0;0;0;0;;Publico Ayuntamiento;Abierto;Diputación;49334;0.0;2426.3;60151.2;47459.3;;;102.0;;;;;;Ejecutado y recibido;;Servicio Obras de Infraestructuras
Reasfaltado c/Ferrer i Bigné en tramo comprendido entre cruces con Venta del Moro y Massamagrell;FF;BECSA;LaMingeniería;Benifaraig. Calle Ferrer y Bigné;Reasfaltado de la calle;Asfaltado;25000.0;;;4;4;4;7;0;20200603;27.22;20200630;0;0;0;0;0;;Publico Ayuntamiento;Menor;Diputación;54561;;1008.41;25000.0;25000.0;;;27.22;;;;;;0 Pasa a capa Obras Ejecutadas;Los honorarios de asistencia técnica y redacción de proyecto van en un único contrato con importe la suma de la cantidad indicada.;Servicio Obras de Infraestructuras
Renovación de infraestructuras y peatonalización de la Plaza Ceramista Gimeno;FF;PAVASAL;Auraval;Plaza Ceramista Gimeno;Reurbanización y renovación de servicios de alumbrado y riedo en plaza Ceramista Gimeno;Peatonalización;305109.02;;;13;12;13;100;62;20191021;88.98;20200218;0;0;0;0;0;;Publico Ayuntamiento;Encargo Contrata;Municipal;35461;7815.1;12096.13;300000.0;305115.32;;;88.98;;;;;;0 Pasa a capa Obras Ejecutadas;;Servicio Obras de Infraestructuras
REURBANIZACION DE LAS CALLES PARALELAS AL MAR;FRC;PAVASAL;Tes;C. ESCALANTE, BENLLIURE, PROGRESO LUIS NAVARRO;;Reurbanizacion;1724142.31;1724142,31;;26;26;26;;;;;2,01906E+13;;;;;;;Publico Ayuntamiento;Encargo Contrata;Municipal;53736;;;;1588915.46;;;;;;;;;Ejecutado y recibido;;Servicio Mantenimiento de Infraestructuras
Ampliación de la acera y mejora de los pasos peatonales en la calle General Gil Dolz;FF;BECSA;Gecival;Calle General Gil Dolz;Ampliación de aceras, traslado farolas en la calle General Gil Dolz y ejecución nuevo cruce semaforizado en paseo de la Alameda;Reurbanizacion;114472.07;;3700.0;12;12;12;48;14;20220523;76.31;20221110;2;0;3;0;2;1500.0;Publico Ayuntamiento;Abierto;Municipal;53;7940.6;4706.9;236232.87;509374.02;48;;339.58;2;0;3;0;2;Ejecutado y recibido;NO SE REALIZA PROYECTO, SI NO OBRA;Servicio Obras de Infraestructuras
Obras de accesibilidad y adecuación de la avenida Real de Madrid;TG;PAVASAL;Gecival;Barrio de la Torre, Avd. Real de Madrid;Modificación de diversas aceras y vados peatonales;Mejora Accesibilidad;85820.74;;750.0;4;4;4;100;29;20171124;29.0;20171126;0;0;0;0;0;;Publico Ayuntamiento;Encargo Contrata;Participación Ciudadana;42835;;;85820.81;85820.81;;;29.0;;;;;;Ejecutado y recibido;;Servicio Obras de Infraestructuras
Mejora de la pavimentación en el barrio de campanar;MR;URBAMED;CPS;Calle Villar del Arzobispo;Urbanización tramo final calle Villar del Arzobispo;Reurbanizacion;36164.44;;;3;3;3;100;0;20161017;108.0;20161117;0;0;0;0;0;0.0;Publico Ayuntamiento;Menor;Participación Ciudadana;30510;942.18;777.55;36164.44;36164.44;;;;;;;;;Ejecutado y recibido;;Servicio Obras de Infraestructuras
Obras de renovación de aceras y calzada en la C/ Isla Cabrera;FF;BECSA;Tes;Calle Isla Cabrera;Ampliación y renovación de aceras en calle Isla Cabrera;Reurbanizacion;60498.02;;;8;12;8;56;138;20160722;28.0;20160922;0;0;0;0;0;0.0;Publico Ayuntamiento;Menor;Municipal;30543;0.0;1300.71;60498.02;60498.02;;;;;;;;;Ejecutado y recibido;;Servicio Obras de Infraestructuras
Renovación de infraestructuras de la calle Hernán Cortés en la ciudad de Valencia;TG;PAVASAL;Planet;Calle Hernán Cortés;Renovación de aceras y calzada;Reurbanizacion;528520.65;;;28;16;32;53;186;20150806;69.69;20160310;16;0;9;0;8;0.0;Publico Ayuntamiento;Abierto;PIP;30511;19684.65;21446.12;756601.92;487251.63;;;;;;;;;Ejecutado y recibido;;Servicio Obras de Infraestructuras
Conexión peatonal en la calle Just Ramírez;TG;LEVANTINA;Planet;C/Just Ramirez entre C/Marie Curie y Canonero;Construcción de un paseo peatonal y carril bici sobre calzada dando continuidad al existente;Peatonalización;59882.38;;510.96;4;4;4;;;20180105;118.81;20180419;0;0;0;0;0;;Publico Ayuntamiento;Menor;Municipal;43683;0.0;3674.5;59899.49;59899.49;;;118.85;;;;;;Ejecutado y recibido;;Servicio Obras de Infraestructuras
Acondicionamiento de aceras en la calle Viver;MR;SOGESER;Tes;Calle Viver;Acondicionamiento de aceras para mejorar la accesibilidad de la calle;Reurbanizacion;18613.01;;126.7;2;1;2;100;100;20171121;156.17;20171205;0;0;0;0;0;;Publico Ayuntamiento;Menor;Participación Ciudadana;42839;665.09;548.69;19786.22;19786.22;;;156.17;;;;;;Ejecutado y recibido;;Servicio Obras de Infraestructuras
Renovación de aceras y calzadas pedanía La Torre;MR;BECSA;Gecival;Calle Algar del Palancia y otras;Urbanización parcial de la calle Algar del Palancia y mejora de accesibilidad en diversos pasos de peatones;Mejora Accesibilidad;35000.0;;;8;8;8;42;68;20160215;0.0;20160506;0;0;0;0;0;0.0;Publico Ayuntamiento;Menor;Diputación;30535;0.0;0.0;35000.0;35000.0;;;;;;;;;Ejecutado y recibido;"La AT engloba a otras pedanías; resultando los honorarios de AT de un total de 15.822,59€, y aparece en los datos de la obra de la pedanía de PobleNou";Servicio Obras de Infraestructuras
Obras de apertura de la Calle Padre Viñas a la Ronda Norte (Hermanos Machado);MR;SOGESER;Montoro;Calle Padre Viñas;Renovación de infraestructuras;Mejora Accesibilidad;10717.24;;78.1;8;4;8;100;100;20171120;;20171201;0;0;0;0;0;;Publico Ayuntamiento;Menor;Participación Ciudadana;42828;346.8;303.81;11170.88;11170.88;;;;;;;;;Ejecutado y recibido;;Servicio Obras de Infraestructuras
Paso de peatones en calle Dolores Marqués.Consulta ciudadana, inversión en barrios;FF;OBREMO;Solcitec;Calle Dolores Marqués;Creación de 2 nuevos pasos de peatones semaforizados;Mejora Accesibilidad;15075.21;;49.92;4;4;4;100;0;20171122;302.0;20171222;0;0;0;0;0;;Publico Ayuntamiento;Menor;Participación Ciudadana;43240;506.72;418.06;15075.21;15075.21;;;302.0;;;;;;Ejecutado y recibido;Se han cumplido los plazos y ha quedqdo todo operativo según lo previsto;Servicio Obras de Infraestructuras
Apertura y urbanización de la calle Casa Misericordia fase II;MR;PAVASAL;Auraval;Calle Casa Misericordia;Apertura de viario a sección completa segun PGOU;Reurbanizacion;318590.5;;3515.0;12;12;12;31;91;20160801;91.0;20161214;0;0;0;0;0;0.0;Publico Ayuntamiento;Encargo Contrata;Municipal;30538;9346.48;6849.7;318590.5;318590.5;;;;;;;;;Ejecutado y recibido;;Servicio Obras de Infraestructuras
Obras de urbanización en calle Jose Andreu Alabarta;MR;PAVASAL;Auraval;Calle Jose Andreu Alabarta;Apertura de viario a sección completa según PGOU;Reurbanizacion;115055.25;;1212.13;8;16;8;39;696;20160801;0.0;20161130;0;0;0;0;0;0.0;Publico Ayuntamiento;Encargo Contrata;Municipal;30518;3789.12;4133.24;192243.74;192243.74;;;;;;;;;Ejecutado y recibido;;Servicio Obras de Infraestructuras
Peatonalizacion de la calle Arzobispo Olaechea con calle San Marcelino;FF;SOGESER;Ingenieria;Calle Arzobispo Olaechea cruce con la calle San Ma;Peatonalizacion de la zona frente a la iglesia en la calle arzobispo Olaechea, modificando la urbanización y creando una Plaza de nueva ejecución.;Peatonalización;185311.08;;1880.0;3;4;3;99;135;20190702;129.27;20191114;15;14;5;;;;Publico Ayuntamiento;Negociado;Municipal;47320;6229.08;5138.88;185325.13;185311.08;;;129.27;;;;;;Ejecutado y recibido;;Servicio Obras de Infraestructuras
Ajardinamiento del viario en UE1 y UE2 Quatre Carreres;MR;PAVASAL;PérezEsteve;Barrio Cuatre Carreres, Calles Angel Villena, Bomb;Jardinería con plantación de árboles y arbustos en alcorques, medianas, macizos y jardines interiores , red de riego, creación de una zona de sociabilización de mascotas y la instalación de mobiliario;Ajardinamiento;545374.1;;;12;10;12;;;20190826;61.92;20191113;328;;48;;20;;Publico Ayuntamiento;Abierto;Municipal;48120;15049.28;17914.1;545374.1;293239.0;;;61.92;;;;;;Ejecutado y recibido;Contempla el proyecto la creación de un espacio de 604 m2 para la sociabilización de perros;Servicio Obras de Infraestructuras
Entubado de acequia en Camino Perrina;FF;LEVANTINA;LaMingeniería;Camino Perrina;Entubado de un tramo de acequia y acondicionamiento de cajeros en otros dos;Otros;45118.76;;;4;4;4;;;20191001;;20191031;;;;;;;Publico Otra Admon;Menor;Diputación;52935;1516.6;1819.91;;45118.73;;;;;;;;;Ejecutado y recibido;;Servicio Obras de Infraestructuras
Mejora del mercado Algirós y reurbanización de C/Actor Llorens en tramo de la Plaza San Felipe Neri;FF;BERTOLIN;Mateu;Entorno mercado Algirós;Mejora de la accesibilidad y ampliación de las aceras del entorno del mercado de Algirós;Mejora Accesibilidad;119946.62;;;12;12;12;76;22;20190410;;20190806;8;;;;;;Publico Ayuntamiento;Abierto;Municipal;47322;5081.82;5854.2;145135.41;111347.89;;;;;;;;;Ejecutado y recibido;;Servicio Obras de Infraestructuras
O. Complementarias a obras de reurbanización de S.Vicente, P. Azzatti y Padilla;MR;PAVASAL;Auraval;Calle San Vicente;Colocación de placas identificativas, atril y bolardos;Otros;54746.02;;;2;1;2;;;20171124;;20171201;0;0;0;0;0;;Publico Ayuntamiento;Menor;Municipal;43250;1680.68;3697.5;56914.38;54746.02;;;9.51;;;;;;Ejecutado y recibido;;Servicio Obras de Infraestructuras
Reurbanización de la calle Vicent Brull entre las calles Justo Vilar y Avenida del Mediterráneo;MR;BECSA;Gecival;Calle Vicent Brull entre las calles Justo Vilar y;Reurbanización de la calle renovando los servicios de alumbrado y comunicaciones;Reurbanizacion;113352.5;;1184.15;8;8;8;48;22;20190715;91.18;20191003;;;;;;;Publico Ayuntamiento;Abierto;EDUSI;47323;4663.54;5596.25;138740.21;103215.23;;;100.13;;;;;;Ejecutado y recibido;;Servicio Obras de Infraestructuras
RENOVACIÓN PAVIMENTO ACERAS DE AV. GENERAL AVILÉS ENTRE C. REINA VIOLANTE Y AV. CORTES VALENCIANAS;FRC;AGLOMERADOS SERRANOS;Solcitec;AV. GENERAL AVILÉS ENTRE R. VIOLANTE Y CORTES VALE;;Otros;165500.0;;;12;12;12;;;2,0171E+13;66.0;2,01802E+13;;;;;;;Publico Ayuntamiento;Abierto;Participación Ciudadana;40376;;;;108485.25;;;;;;;;;Ejecutado y recibido;;Servicio Mantenimiento de Infraestructuras
Adecuación de la urbanización en el Cno. del Cabanyal II Fase (IES CABANYAL);FF;PAVASAL;Ramiro;Camino del Cabanyal;Urbanización del Camino del Cabanyal conforme planeamiento, Ejecución de la Acera Sur y la Conexión con el Camino Sorli.;Reurbanizacion;268027.0;;;12;12;12;54;2232;20150326;81.0;20150626;0;0;0;0;0;0.0;Publico Ayuntamiento;Encargo Contrata;Municipal;30526;0.0;5611.69;268027.51;268027.51;;;;;;;;;Ejecutado y recibido;;Servicio Obras de Infraestructuras
Acondicionamiento del terreno, demoliciones y cerramientos, previos a la urbanización de Dr. Oloriz;TG;PAVASAL;CPS;Calle Dr. Olóriz y calle Reus;Obras previas de derribo de dos edificaciones del Colegio Santiago Apóstol y el posterior acondicionamiento de la zona demolida para proceder en una actuación posterior de reurbanización;Otros;84619.97;;714.0;8;12;8;0;0;20170821;;20171129;0;0;0;0;0;;Publico Ayuntamiento;Encargo Contrata;Municipal;43244;0.0;4931.43;84620.0;84620.0;;;;;;;;;Ejecutado y recibido;;Servicio Obras de Infraestructuras
Acondicionamiento zona aparcamiento en Av. Aragón;FF;SOGESER;Planet;Avenida Aragón;Demolición y excavación de pavimento;Reurbanizacion;18941.0;;;8;9;2;0;0;20161109;0.0;20161212;0;0;0;0;0;0.0;Publico Ayuntamiento;Menor;Municipal;30534;0.0;407.23;18940.84;18940.84;;;;;;;;;Ejecutado y recibido;;Servicio Obras de Infraestructuras
Quatre Carreres Finalización obras de urbanización sector NPR-7 fase 1;MR;PAVASAL;Gecival;Calles Angel de Villena y Entrada la Faba;Pavimentación de calzadas en Cuatre Carreres reparación de aceras colectores, limpieza y tala de vegetales;Actuación Parcial;92908.13;;;4;4;4;0;0;20160714;6.0;20161128;0;0;0;0;0;0.0;Publico Ayuntamiento;Encargo Contrata;Garantias PAIS;30529;0.0;21778.79;92908.13;92908.13;;;;;;;;;Ejecutado y recibido;;Servicio Obras de Infraestructuras
Pavimentación de Quatre Carreres sector NPR7  ejecución Nº 2;MR;PAVASAL;Gecival;Angel de Villena , Bombero Ramón Duart y otras;Pavimentación de las calzadas del PAI de Cuatre Carreres y reparación de aceras, colectores y limpieza;Actuación Parcial;398606.29;;;8;8;8;0;0;20160714;0.0;20161128;0;0;0;0;0;0.0;Publico Ayuntamiento;Encargo Contrata;Garantias PAIS;30558;0.0;0.0;398606.29;398606.29;;;;;;;;;Ejecutado y recibido;;Servicio Obras de Infraestructuras
Acondicionamiento en la pavimentación de diversas calles en el Barrio de Patraix;FF;OCIDE;Ramiro;Barrio de Patraix;Peatonalización de la Calle Convento Jesús, renovación del pavimento en Humanista Mariner y de las aceras en Nicolás Factor;Reurbanizacion;208874.05;;;16;9;16;60;46;20160726;63.0;20161015;6;3;0;0;0;0.0;Publico Ayuntamiento;Abierto;Municipal;30544;8333.35;8333.35;282071.66;208874.05;;;;;;;;;Ejecutado y recibido;;Servicio Obras de Infraestructuras
Mejora de la pavimentación en la pedania de Benimamet;MR;PAVASAL;CPS;Calles San José, Sinarcas, Pintor Garnelo;Ampliación de aceras y mejora de la accesibilidad peatonal;Reurbanizacion;97525.86;;;6;6;6;49;45;20160913;0.0;20161128;0;0;0;0;0;0.0;Publico Ayuntamiento;Encargo Contrata;Participación Ciudadana;30555;2562.47;2102.54;97525.86;97525.86;;;;;;;;;Ejecutado y recibido;;Servicio Obras de Infraestructuras
Obras mejora infraestructuras Patraix, Salabert, Venerable Agnesio, Músico Gomis y adyacen;FF;BECSA;Inprogema;Calles Salabert, Venerable Agnesio, Músico Gomis;Mejoras en las aceras de las calles Salabert, Venerable Agnesio, Músico Gomis y adyacentes;Reurbanizacion;435705.97;;;24;24;24;;;20181119;;20190408;;;;;;;Publico Ayuntamiento;Abierto;Municipal;35462;14807.94;16930.0;568434.01;396901.93;;;;;;;;;Ejecutado y recibido;;Servicio Obras de Infraestructuras
PROYECTO DE REURBANIZACIÓN DE LA CALLE DE LOS ÁNGELES;FRC;BERTOLIN;Tes;CALLE DE LOS ÁNGELES;;Reurbanizacion;403976.02;403976,02;;42;42;32;;;2,02002E+13;;;;;;;;;Publico Ayuntamiento;Abierto;Municipal;58169;;;;3683310.77;;;;;;;;;Ejecutado y recibido;;Servicio Mantenimiento de Infraestructuras
PAVIMENTACIÓN CARRIL BUS GUILLEM DE CASTRO - MATIAS PERELLO;MR;PAVASAL;Tes;CARRIL BUS;SANEAMIENTO Y ASFALTADO CARRIL BUS;Asfaltado;186437.48;186437,48;;1;1;1;;;;27.0;;;;;;;;Publico Ayuntamiento;Encargo Contrata;Municipal;44894;;;;173642.50;;;;;;;;;Ejecutado y recibido;;Servicio Mantenimiento de Infraestructuras
REFORMA DE LA PLAZA DOCTOR LLORENC DE LA FLOR;MMLL;PAVASAL;CPS;;;Reurbanizacion;309960.28;309960,28;;4;4;4;;;2,0191E+13;;;;;;;;;Publico Ayuntamiento;Encargo Contrata;Municipal;58167;;;;273494.36;;;;;;;;;Ejecutado y recibido;;Servicio Mantenimiento de Infraestructuras
Proyecto de reurbanización de la calle Murta, 2a fase;FF;PAVASAL;CivilgestIngeniería;Calle Murta entre Arquit. Arnau y Poetas Anónimos;Reurbanización de la calle Murta y canalizaciones municipales;Reurbanizacion;256957.06;;1787.0;12;15;12;60;36;20200115;145.45;20200521;15;0;4;2;6;;Publico Ayuntamiento;Encargo Contrata;Participación Ciudadana;53758;0.0;9928.5;246143.99;246143.99;;;139.33;;;;;;0 Pasa a capa Obras Ejecutadas;;Servicio Obras de Infraestructuras
Corredor verde-azul Grow Green;MR;PAVASAL;Gecival;C/ del Foc y plaza Regino Mas;Esta intervención pretende crear un laboratorio de soluciones, en el que combatir el estrés climático, incrementar la biodiversidad y mejorar el sistema de drenaje de agua pluvial a través de la modif;Otros;198534.07;;984.36;16;19;16;;;20210108;;20210515;7;3;2;5;2;984.36;Publico Ayuntamiento;Abierto;Municipal;276;0.0;;198534.07;198534.07;;;0.0;7;3;2;5;2;Ejecutado y recibido;Se ha proyectado también una pérgola de madera para proyectar sombra en la plaza. Se ha incrementado la superficie peatonal respecto a la pre-existencia por la eliminación de un tramo de calle.;Servicio Obras de Infraestructuras
Obras de reurbanización calle Casa Misericordia fase 1;MR;BECSA;Municipal;Calle Casa Misericordia, calle Colonia Española;Peatonalización de la puerta del centro de estudios de misericordia y apertura de la calle Colonia Española;Reurbanizacion;60439.51;;1961.0;8;8;8;0;0;2,01511E+13;86.0;2,01512E+13;0;4;0;0;0;0.0;Publico Ayuntamiento;Menor;Municipal;30512;0.0;0.0;60439.51;60439.51;;;;;;;;;Ejecutado y recibido;;Servicio Obras de Infraestructuras
Obras de reurbanización Calle San Vicente entre Periodista Azzati y Plaza del Ayuntamiénto;MR;BERTOLIN;Auraval;Calle San Vicente;Ampliación de acera , asfaltado de calzada y plantación de arboles;Reurbanizacion;448830.26;;;12;12;12;52;43;20160308;0.0;20160308;19;0;0;0;18;0.0;Publico Ayuntamiento;Abierto;Municipal;30521;0.0;21629.85;595659.2;409992.22;;;;;;;;;Ejecutado y recibido;;Servicio Obras de Infraestructuras
ACCESO PEATONAL ELEVADO DE LA C. SOT DE CHERA CON C. FORTALENY. CONSULTA CIUDADANA;FRC;PAVASAL;Gecival;ACCESO ENTRE LA C. SOT DE CHERA Y C. FORTALENY;;Mejora Accesibilidad;80098.67;80098,67;;8;8;8;;;2,0171E+13;;2,01711E+13;;;;;;;Publico Ayuntamiento;Encargo Contrata;Participación Ciudadana;40364;;;;76957.45;;;;;;;;;Ejecutado y recibido;;Servicio Mantenimiento de Infraestructuras
Obras de acondicionamiento  en la calle Aurora;JM;OBREMO;Gecival;Calle Aurora;Urbanización de parte de la calle Aurora de Castellar;Urbanización;33397.85;;;8;8;8;33;100;20161209;0.0;2,01612E+13;0;0;0;0;0;0.0;Publico Ayuntamiento;Menor;Municipal;30515;900.0;718.05;33397.85;33397.85;;;;;;;;;Ejecutado y recibido;;Servicio Obras de Infraestructuras
Obras de reurbanización en la calle José de Orga;TG;URANSA;Ramiro;Calle José de Orga;Urbanización de la parcela correspondiente a un chalet en José de Orga, que permite la apertura de la calle José de Orga y su conexión con Jalance;Reurbanizacion;59917.26;;582.0;8;8;8;100;1064;20161021;72.0;20161216;0;0;0;0;0;0.0;Publico Ayuntamiento;Menor;Municipal;30550;1553.53;1288.21;59917.26;59917.26;;;;;;;;;Ejecutado y recibido;;Servicio Obras de Infraestructuras
Acondicionamiento de la pavimentación en itinerarios peatonales en la pedania de Massarrojos;MR;BINARIA;CPS;Camino Viejo de los Hornos;Construcción de acera y pavimentado de la calzada, eliminando un sentido de circulación;Reurbanizacion;60230.39;;;2;2;2;32;100;20160926;32.0;20161017;0;0;0;0;0;0.0;Publico Ayuntamiento;Menor;Municipal;30523;792.74;654.16;60230.39;60230.39;;;;;;;;;Ejecutado y recibido;;Servicio Obras de Infraestructuras
Obras de peatonalización en la calle Padre Jofre;MR;PAVASAL;Verdú;Calle Padre Jofre;Peatonalización mediante sustitución de pavimentos existentes y creación de plataforma única entre fachadas, canalización de alumbrado y sumideros, bajantes de pluviales y acometidas domiciliaria;Reurbanizacion;272671.35;;;8;10;8;100;66;20160921;139.0;20161214;0;0;0;0;0;1961.0;Publico Ayuntamiento;Encargo Contrata;Municipal;30541;6315.2;5878.48;272671.35;272671.35;;;;;;;;;Ejecutado y recibido;;Servicio Obras de Infraestructuras
Reurbanización de la calle Murta, primera fase;FF;PAVASAL;CPS;C/Murta entre C/Mistral y C/ Arquitecto Arnau;Ampliación y acondicionamiento de aceras;Mejora Accesibilidad;248544.87;;1852.0;14;12;14;50;;20171124;;20180515;12;0;5;0;6;;Publico Ayuntamiento;Encargo Contrata;Participación Ciudadana;43686;5373.83;4425.16;248544.87;248544.87;;;;;;;;;Ejecutado y recibido;;Servicio Obras de Infraestructuras
Peatonalizacion de la calle Ibiza desde Calle Luis Garcia Berlanga hasta Avda Francia;TG;BERTOLIN;Gecival;C/Ibiza, C/peatonal entre Parroquia y parcela 103;Construcción de carril bici en C/Ibiza para dar continuidad al existente en Avda Francia. Ejecución de acera norte Avda Francia. Prolongación de la acera entre la Parroquia y parcela 103;Peatonalización;584211.76;;;12;12;12;100;;20190325;;20191003;;;;;;;Publico Ayuntamiento;Abierto;Municipal;53339;0.0;18081.96;584211.76;392415.04;;;;;;;;;Ejecutado y recibido;;Servicio Obras de Infraestructuras
Renovación de Infraestructuras calle Ibiza;TG;LEVANTINA;Ingenieria;Calle Ibiza entre avdas. Francia y Baleares;Apertura de viario de la calle Ibiza entre las avdas. Baleares y  Francia;Mejora Accesibilidad;47599.14;;484.0;4;4;4;68;1360;20181107;68.18;20181130;0;0;0;0;0;;Publico Ayuntamiento;Menor;Municipal;33429;1547.61;18091.96;47599.14;47599.14;;;73.3;;;;;;Ejecutado y recibido;;Servicio Obras de Infraestructuras
Renovación de aceras y calzada pedania de la punta;MR;BERTOLIN;Gecival;Camino del salinar y parcial de Jesus Morante y Bo;Repavimentación parcial del camino del Salinar, así como un tramo de calle Jesús Morante y Borras;Asfaltado;50000.0;;;8;8;8;0;0;20160223;0.0;20160504;0;0;0;0;0;0.0;Publico Ayuntamiento;Menor;Diputación;30522;0.0;0.0;50000.0;50000.0;;;;;;;;;Ejecutado y recibido;"La AT engloba a otras pedanías; resultando los honorarios de AT de un total de 15.822,59€, y aparece en los datos de la obra de la pedanía de PobleNou";Servicio Obras de Infraestructuras
Adecuación de la urbanización en la C/ Alcalá de Chivert en la ciudad de Valencia;FF;BERTOLIN;Gecival;Calle Alcalá de Chivert;Reurbanización de parte de calle Alcala de Chivert y urbanización de su tramo final;Reurbanizacion;196800.0;;;12;12;12;27;133;20160726;37.0;20161026;18;21;3;0;4;0.0;Publico Ayuntamiento;Abierto;Municipal;30554;0.0;6699.83;319999.99;196799.99;;;;;;;;;Ejecutado y recibido;;Servicio Obras de Infraestructuras
Renovación aceras y calzada pedania Castellar fase 2;MR;ROVER ALCISA;Gecival;Entrada al Poblet, senda del Poblet, c/ Mediodia;Repavimentación parcial de la entrada al Poblet, acondicionamiento de la senda de Ferradura, acondicionamiento y reparación de desperfectos en la senda del Poblet, reurbanización de la calle Mediod;Reurbanizacion;50000.0;;;8;8;8;7;608;20160329;50.0;20160527;0;0;0;0;0;0.0;Publico Ayuntamiento;Menor;Diputación;30556;0.0;0.0;50000.0;50000.0;;;;;;;;;Ejecutado y recibido;"La AT engloba a otras pedanías; resultando los honorarios de AT de un total de 15.822,59€, y aparece en los datos de la obra de la pedanía de PobleNou";Servicio Obras de Infraestructuras
Urbanización parcial de actuación aislada en la c/San Vicente Mártir 233-235;TG;PAVASAL;Ingenieria;C/ San Vicente Mártir 233-235;Programa Actuación Aislada;Urbanización;91744.58;;;4;4;4;100;;20190702;;20200904;;;;;;;Publico Ayuntamiento;Encargo Contrata;Municipal;56960;;;91744.58;91744.58;;;;;;;;;0 Pasa a capa Obras Ejecutadas;;Servicio Obras de Infraestructuras
Renovación aceras y calzadas pedania El Perellonet;MR;URANSA;Gecival;Entrada a la gola del perellonet y otras;Repavimentación parcial de la Gola del Perellonet y mejora de la accesibilidad en diferentes pasos de peatones del Perellonet;Reurbanizacion;60000.0;;;8;8;8;0;0;20160411;100.0;20160606;0;0;0;0;0;0.0;Publico Ayuntamiento;Menor;Diputación;30546;0.0;0.0;60000.0;60000.0;;;;;;;;;Ejecutado y recibido;"La AT engloba a otras pedanías; resultando los honorarios de AT de un total de 15.822,59€, y aparece en los datos de la obra de la pedanía de PobleNou";Servicio Obras de Infraestructuras
Acondicionamiento pavimento en zona peatonal en el camino Venta del Moro (Benifaraig);FF;Licuas;LaMingeniería;Camino Venta del Moro en Benifaraig;Reasfaltado de un tramo del camino y pintado de una banda de preferencia peatonal;Asfaltado;21512.87;;;4;4;4;;;20191001;35.6;20191031;;;;;;;Publico Otra Admon;Menor;Diputación;51736;723.12;867.75;21512.87;21512.87;;;;;;;;;Ejecutado y recibido;;Servicio Obras de Infraestructuras
Mejora de la acera sur de la calle Navarro Cabanes;FF;Imbesten;Tamayo;Acera sur C/Navarro Cabanes;Mejora del perfil transversal de la acera sur de la Calle Navarro Cabanes, entre los números de policía 1 y 25;Mejora Accesibilidad;11458.48;;;4;4;4;;;20191112;;20191203;;;;;;;Publico Ayuntamiento;Menor;Municipal;53750;;462.17;11458.48;11458.48;;;;;;;;;Ejecutado y recibido;;Servicio Obras de Infraestructuras
Repavimentaciónb parcial de la calle Anguilera en El Saler;FF;Durantia;LaMingeniería;C/Anguilera entre cruce Historiador Betí e Iglesia;Reasfaltado con aglomerado impreso;Asfaltado;26053.71;;;4;4;1;;;20191010;;20191031;;;;;;;Publico Otra Admon;Menor;Diputación;51735;875.75;1050.91;26053.71;26053.71;;;;;;;;;Ejecutado y recibido;;Servicio Obras de Infraestructuras
REURBANIZACION DE TRAVESIAS AL MAR. EL CABANYAL-CANYAMELAR;FRC;PAVASAL;CPS;C.AMPARO GUILLEM, PESCADORES, PLANELLES,CARLOS ROS;;Reurbanizacion;541325.78;;;25;25;16;;;;;2,01906E+13;;;;;;;Publico Ayuntamiento;Menor;Diputación;53741;;;;445727.65;;;;;;;;;Ejecutado y recibido;;Servicio Mantenimiento de Infraestructuras
La Punta: acondicionamiento de la pavimentación de la Carretera dels Rocs y del Camino del Caminot;MR;ELSAN;LaMingeniería;Carretera dels Rocs y Camino del Caminot;Reasfaltado de un tramo de la Carretera dels Rocs y del Camino del Caminot. Fresado previo de entronques y zonas deterioradas, aglomerado y adecuación final de tapas de registro a nueva rasante;Asfaltado;64017.4;;3337.5;4;3;4;0;0;20200605;14.49;20200629;0;0;0;0;0;;Publico Ayuntamiento;Abierto;Diputación;49331;0.0;2582.21;64017.4;48356.44;;;19.18;;;;;;0 Pasa a capa Obras Ejecutadas;;Servicio Obras de Infraestructuras
Adecuación provisional de área peatonal en la plaza de San Agustín con motivo de la COVID19;MR;PAVASAL;RobertoAlbert;Plaza de San Agustín;Adecuación provisional de área peatonal en la plaza de San Agustín, como media para paliar los efectos producidos por la COVID-19;Peatonalización;64095.35;;2000.0;5;5;5;100;80;20200720;;20200819;16;0;16;0;0;;Publico Ayuntamiento;Menor;Municipal;61394;;2916.7;64095.35;64095.35;;;;;;;;;0 Pasa a capa Obras Ejecutadas;;Servicio Obras de Infraestructuras
URBANIZACIÓN EN EL ENTORNO DE LA PLAZA DE SEGOVIA;FF;PAVASAL;AURAVAL;Terrenos ubicados entre Plaza Segovia ,Tomas Sala,;Ordenación del ámbito. Dotación de servicios de riego y Alumbrado, zonas de juego y pavimentado de aceras y calzadas;Reurbanizacion;271488.32;;3590.32;18;30;18;37;23;20211102;75.62;20220602;7;8;6;0;3;3590.32;Publico Ayuntamiento;Abierto;Municipal;5185;3794.56;16449.95;249260.0;249260.0;0;0;102.45;7;8;6;0;3;11 PASA A OBRAS EJECUTADAS;;Servicio Obras de Infraestructuras